month,region,plan,new_subscribers,churned_subscribers,active_subscribers,arpu_usd,mrr_usd,net_revenue_retention,marketing_spend_usd,support_tickets,nps_score
Jan-23,North America,Basic,176,140,2236,30.88,69050.21,1,50261.79,21,15.5
Jan-23,North America,Pro,219,67,1652,57.29,94649.54,1.059,50261.79,23,18.3
Jan-23,North America,Business,231,26,905,127.28,115189.68,1.084,50261.79,0,26.5
Jan-23,North America,Enterprise,204,0,324,397.64,128834.76,1.132,50261.79,0,28.3
Jan-23,Europe,Basic,180,106,1774,29.83,52910.38,1.024,44119.67,42,13.4
Jan-23,Europe,Pro,187,46,1341,60.23,80771.06,1.061,44119.67,12,14.6
Jan-23,Europe,Business,169,23,696,130.49,90818.61,1.085,44119.67,0,23.9
Jan-23,Europe,Enterprise,181,4,267,400.74,106998.34,1.122,44119.67,6,30.3
Jan-23,MENA,Basic,151,39,1012,27.78,28114.03,1.015,38972.8,9,13.9
Jan-23,MENA,Pro,188,15,693,59.76,41411.29,1.033,38972.8,4,18.7
Jan-23,MENA,Business,162,13,329,128.01,42114.2,1.077,38972.8,0,26.4
Jan-23,MENA,Enterprise,143,0,173,388.75,67254.34,1.111,38972.8,5,30.6
Jan-23,APAC,Basic,155,86,1469,30.25,44438.98,1.017,44476.21,24,12.4
Jan-23,APAC,Pro,180,35,1005,56.61,56891.36,1.055,44476.21,6,18
Jan-23,APAC,Business,184,14,490,130.33,63862.08,1.079,44476.21,0,22.7
Jan-23,APAC,Enterprise,140,0,195,396.35,77289.15,1.11,44476.21,4,26.4
Feb-23,North America,Basic,232,130,2338,30.59,71521.83,1.021,51029.59,31,11.8
Feb-23,North America,Pro,234,82,1804,55.78,100629.57,1.064,51029.59,20,16.2
Feb-23,North America,Business,200,28,1077,128.46,138348.2,1.092,51029.59,8,30
Feb-23,North America,Enterprise,215,0,539,400.95,216114.5,1.132,51029.59,13,33.9
Feb-23,Europe,Basic,213,94,1893,27.84,52694.49,1.021,48142.18,23,10.1
Feb-23,Europe,Pro,226,58,1509,56.29,84948.23,1.05,48142.18,18,22
Feb-23,Europe,Business,237,50,883,130.34,115094.48,1.08,48142.18,0,24.7
Feb-23,Europe,Enterprise,181,0,448,399.37,178918.57,1.129,48142.18,10,31.2
Feb-23,MENA,Basic,131,44,1099,27.56,30289.61,1.029,39765.91,30,16.1
Feb-23,MENA,Pro,190,26,857,55.68,47718.95,1.05,39765.91,3,27.1
Feb-23,MENA,Business,147,18,458,125.12,57304.88,1.099,39765.91,6,23
Feb-23,MENA,Enterprise,157,0,330,393.48,129847.15,1.125,39765.91,0,25.5
Feb-23,APAC,Basic,202,89,1582,28.88,45686.14,1.033,45318.97,33,16.5
Feb-23,APAC,Pro,193,56,1142,60.09,68626.79,1.075,45318.97,13,13.7
Feb-23,APAC,Business,163,31,622,132.96,82703.19,1.088,45318.97,1,29.4
Feb-23,APAC,Enterprise,163,0,358,401.88,143873.99,1.126,45318.97,1,29.9
Mar-23,North America,Basic,250,140,2448,30.52,74712.66,1.017,54630.76,34,12.8
Mar-23,North America,Pro,236,71,1969,58.8,115784.59,1.076,54630.76,9,19.3
Mar-23,North America,Business,234,29,1282,132.04,169272.1,1.103,54630.76,20,23.6
Mar-23,North America,Enterprise,223,6,756,402.68,304423.81,1.139,54630.76,0,31.6
Mar-23,Europe,Basic,243,131,2005,27.53,55188.65,1.034,49467.69,16,13.8
Mar-23,Europe,Pro,233,79,1663,58.01,96477,1.061,49467.69,0,18.5
Mar-23,Europe,Business,194,21,1056,128.28,135461.86,1.096,49467.69,0,18.3
Mar-23,Europe,Enterprise,246,0,694,400,277598.91,1.156,49467.69,26,26.5
Mar-23,MENA,Basic,164,82,1181,26.67,31501.58,1.035,40641.92,23,17.9
Mar-23,MENA,Pro,175,37,995,55.53,55255.1,1.065,40641.92,8,20.1
Mar-23,MENA,Business,161,18,601,129.46,77803.53,1.099,40641.92,7,24.4
Mar-23,MENA,Enterprise,166,0,496,394.78,195811.45,1.136,40641.92,19,37.5
Mar-23,APAC,Basic,171,83,1670,31.61,52795.86,1.04,47416.87,27,9.2
Mar-23,APAC,Pro,230,55,1317,57.25,75399.75,1.063,47416.87,15,19.4
Mar-23,APAC,Business,195,17,800,129.53,103622.44,1.099,47416.87,17,13.9
Mar-23,APAC,Enterprise,190,7,541,402.78,217906.14,1.134,47416.87,0,32.5
Apr-23,North America,Basic,209,153,2504,28.69,71842.14,1.039,58768.38,27,15.5
Apr-23,North America,Pro,296,93,2172,63.17,137210.94,1.082,58768.38,25,26.8
Apr-23,North America,Business,263,46,1499,129.95,194802.33,1.101,58768.38,5,28.8
Apr-23,North America,Enterprise,227,19,964,403.41,388884.06,1.152,58768.38,10,39.1
Apr-23,Europe,Basic,177,117,2065,27,55763.23,1.035,51326.94,41,19.4
Apr-23,Europe,Pro,224,63,1824,59.77,109026.98,1.058,51326.94,13,21
Apr-23,Europe,Business,243,37,1262,125.97,158968.36,1.103,51326.94,9,26.5
Apr-23,Europe,Enterprise,245,0,939,402.61,378046.84,1.146,51326.94,0,37.7
Apr-23,MENA,Basic,180,64,1297,30.39,39413.97,1.051,42995.89,20,17.7
Apr-23,MENA,Pro,195,35,1155,58.22,67242.69,1.068,42995.89,15,23.8
Apr-23,MENA,Business,159,16,744,130.9,97389.56,1.093,42995.89,0,25.6
Apr-23,MENA,Enterprise,189,7,678,398.37,270094.97,1.149,42995.89,9,34
Apr-23,APAC,Basic,193,78,1785,32.56,58113.37,1.035,52844.13,26,22
Apr-23,APAC,Pro,198,46,1469,56.51,83006.5,1.062,52844.13,18,21.9
Apr-23,APAC,Business,218,9,1009,125.93,127061.14,1.101,52844.13,3,26.6
Apr-23,APAC,Enterprise,219,9,751,405.31,304386.51,1.142,52844.13,7,29
May-23,North America,Basic,233,155,2582,28.68,74042.77,1.043,53337.8,34,16.9
May-23,North America,Pro,279,75,2376,57.35,136266.11,1.052,53337.8,5,17.7
May-23,North America,Business,261,41,1719,131.46,225979.02,1.108,53337.8,23,25.1
May-23,North America,Enterprise,265,15,1214,403.71,490102.97,1.131,53337.8,0,28.8
May-23,Europe,Basic,216,138,2143,26.7,57217.32,1.041,48002.07,22,19.3
May-23,Europe,Pro,229,62,1991,61.8,123044.98,1.061,48002.07,16,16.1
May-23,Europe,Business,206,41,1427,130.69,186488.22,1.101,48002.07,13,30.7
May-23,Europe,Enterprise,205,0,1144,407.52,466201.1,1.134,48002.07,13,33.9
May-23,MENA,Basic,170,95,1372,33.03,45315.35,1.038,41234.7,20,21.7
May-23,MENA,Pro,173,54,1274,58.69,74775.38,1.07,41234.7,6,14
May-23,MENA,Business,139,11,872,127.53,111202.12,1.094,41234.7,22,29.8
May-23,MENA,Enterprise,154,13,819,396.46,324702.51,1.134,41234.7,5,34.9
May-23,APAC,Basic,207,93,1899,29.48,55976.21,1.063,45604.11,28,23.1
May-23,APAC,Pro,218,70,1617,59.83,96745.81,1.066,45604.11,10,22.1
May-23,APAC,Business,188,36,1161,133.23,154685.34,1.101,45604.11,6,27.2
May-23,APAC,Enterprise,192,20,923,401.72,370788.66,1.134,45604.11,0,26.4
Jun-23,North America,Basic,244,143,2683,26.57,71300.71,1,55384.66,33,27.7
Jun-23,North America,Pro,270,98,2548,61.11,155708.69,1.044,55384.66,23,21.4
Jun-23,North America,Business,244,58,1905,132.27,251973,1.097,55384.66,8,29.6
Jun-23,North America,Enterprise,268,8,1474,405.2,597271.59,1.143,55384.66,4,38.6
Jun-23,Europe,Basic,221,126,2238,30.1,67355.87,1.046,46143.66,28,14.2
Jun-23,Europe,Pro,216,91,2116,57.05,120714.59,1.066,46143.66,17,25.6
Jun-23,Europe,Business,167,34,1560,128.21,200003.02,1.082,46143.66,13,25.3
Jun-23,Europe,Enterprise,200,15,1329,407.39,541417.03,1.12,46143.66,11,35.7
Jun-23,MENA,Basic,170,83,1459,33.06,48232.42,1.029,41125.09,18,15
Jun-23,MENA,Pro,166,43,1397,57.2,79906.73,1.059,41125.09,17,21.2
Jun-23,MENA,Business,159,34,997,130.43,130035.94,1.088,41125.09,2,28.2
Jun-23,MENA,Enterprise,172,0,991,398.7,395116.1,1.133,41125.09,0,33.8
Jun-23,APAC,Basic,203,123,1979,29.07,57539.36,1.034,41250.44,8,13.4
Jun-23,APAC,Pro,201,60,1758,61.61,108308.26,1.08,41250.44,8,17.7
Jun-23,APAC,Business,198,50,1309,129.14,169038.04,1.092,41250.44,24,19.4
Jun-23,APAC,Enterprise,165,9,1079,405.94,438007.99,1.138,41250.44,6,25.9
Jul-23,North America,Basic,186,168,2701,28.44,76818.67,1.014,50788.53,42,21.7
Jul-23,North America,Pro,234,94,2688,61.49,165290.68,1.04,50788.53,29,15.9
Jul-23,North America,Business,220,47,2078,129.53,269164.86,1.087,50788.53,16,24.1
Jul-23,North America,Enterprise,232,17,1689,408.64,690193.32,1.123,50788.53,2,35.5
Jul-23,Europe,Basic,163,143,2258,27.61,62354.28,0.996,43666.37,44,28.8
Jul-23,Europe,Pro,189,72,2233,59.8,133522.31,1.047,43666.37,21,17.1
Jul-23,Europe,Business,194,50,1704,129.11,219998.65,1.087,43666.37,28,27.3
Jul-23,Europe,Enterprise,173,18,1484,409.81,608152.87,1.103,43666.37,7,32
Jul-23,MENA,Basic,141,101,1499,26.89,40315,1.026,42869.56,24,15.1
Jul-23,MENA,Pro,169,73,1493,58.56,87430.22,1.033,42869.56,15,18
Jul-23,MENA,Business,149,28,1118,126.04,140915.82,1.064,42869.56,12,24.5
Jul-23,MENA,Enterprise,105,22,1074,400.95,430619.46,1.113,42869.56,0,36.9
Jul-23,APAC,Basic,205,119,2065,30.47,62923.45,1.018,43623.38,35,21.1
Jul-23,APAC,Pro,209,71,1896,59.55,112897.67,1.045,43623.38,25,27.6
Jul-23,APAC,Business,167,34,1442,132.72,191388.23,1.078,43623.38,18,17.6
Jul-23,APAC,Enterprise,155,8,1226,403.94,495224.66,1.11,43623.38,0,32.8
Aug-23,North America,Basic,184,145,2740,29.7,81372.77,1.02,49807.41,31,15.6
Aug-23,North America,Pro,226,114,2800,61.95,173451.51,1.04,49807.41,34,18.1
Aug-23,North America,Business,203,58,2223,130.18,289390.62,1.054,49807.41,21,25.8
Aug-23,North America,Enterprise,179,23,1845,412.43,760929.73,1.087,49807.41,0,30.5
Aug-23,Europe,Basic,172,137,2293,27.53,63130.14,0.999,46402.95,36,19.4
Aug-23,Europe,Pro,202,94,2341,61.21,143288.6,1.042,46402.95,30,25.4
Aug-23,Europe,Business,151,27,1828,134.62,246077.12,1.082,46402.95,5,19.8
Aug-23,Europe,Enterprise,177,31,1630,413.77,674440.52,1.115,46402.95,4,30.6
Aug-23,MENA,Basic,127,76,1550,33.31,51635.57,1.028,36366.13,31,15.5
Aug-23,MENA,Pro,168,71,1590,60.32,95915.24,1.052,36366.13,21,25.2
Aug-23,MENA,Business,155,36,1237,126.39,156347.57,1.071,36366.13,4,22.1
Aug-23,MENA,Enterprise,170,33,1211,404.69,490075.96,1.113,36366.13,16,34.2
Aug-23,APAC,Basic,134,123,2076,29.93,62140.43,0.997,41119.49,29,18.9
Aug-23,APAC,Pro,209,91,2014,60.67,122199.23,1.042,41119.49,20,21.4
Aug-23,APAC,Business,146,40,1548,131.12,202973.46,1.057,41119.49,15,28.8
Aug-23,APAC,Enterprise,129,16,1339,412.16,551886.8,1.121,41119.49,14,34.4
Sep-23,North America,Basic,171,160,2751,30.69,84418.73,1.016,43100.56,47,19.3
Sep-23,North America,Pro,197,117,2880,61.32,176608.69,1.031,43100.56,24,23.8
Sep-23,North America,Business,197,57,2363,133.75,316053.39,1.059,43100.56,18,28.9
Sep-23,North America,Enterprise,179,22,2002,414.64,830116.39,1.091,43100.56,0,27.4
Sep-23,Europe,Basic,171,130,2334,32.36,75519.79,0.976,41175.66,36,26
Sep-23,Europe,Pro,176,96,2421,59.38,143764.35,1.024,41175.66,22,28.5
Sep-23,Europe,Business,218,49,1997,136.94,273465.43,1.063,41175.66,28,27.4
Sep-23,Europe,Enterprise,182,27,1785,418.13,746354.39,1.111,41175.66,1,38.7
Sep-23,MENA,Basic,129,98,1581,29.39,46468.14,1.005,34032.87,22,21.1
Sep-23,MENA,Pro,167,49,1708,61,104193.78,1.023,34032.87,6,22.6
Sep-23,MENA,Business,151,28,1360,132.13,179693.41,1.049,34032.87,6,25.5
Sep-23,MENA,Enterprise,144,20,1335,401.52,536025,1.11,34032.87,6,27.2
Sep-23,APAC,Basic,154,116,2114,29.72,62830.53,1.002,34151.26,31,23.6
Sep-23,APAC,Pro,158,75,2097,58.7,123096.74,1.036,34151.26,31,21.1
Sep-23,APAC,Business,122,27,1643,131.46,215991.95,1.057,34151.26,8,28
Sep-23,APAC,Enterprise,157,30,1466,410.42,601669.81,1.094,34151.26,10,28.7
Oct-23,North America,Basic,221,155,2817,33.22,93582.3,0.994,49979.23,56,19.5
Oct-23,North America,Pro,229,123,2986,58.97,176088.93,1.022,49979.23,33,25.6
Oct-23,North America,Business,225,77,2511,135.96,341393.09,1.074,49979.23,22,33.9
Oct-23,North America,Enterprise,196,25,2173,411.63,894471.97,1.101,49979.23,4,34.7
Oct-23,Europe,Basic,195,137,2392,29.58,70754.07,1.001,49255.44,34,22.2
Oct-23,Europe,Pro,249,120,2550,61.74,157445.26,1.036,49255.44,16,23
Oct-23,Europe,Business,231,65,2163,134.07,289987.4,1.069,49255.44,19,33.2
Oct-23,Europe,Enterprise,213,22,1976,414.04,818134.51,1.071,49255.44,11,20.8
Oct-23,MENA,Basic,159,95,1645,27.12,44609.54,0.993,33558.84,34,18.5
Oct-23,MENA,Pro,214,73,1849,60.72,112266.83,1.046,33558.84,20,19.4
Oct-23,MENA,Business,161,38,1483,128.24,190182.35,1.057,33558.84,4,32.1
Oct-23,MENA,Enterprise,159,16,1478,404.88,598419.08,1.102,33558.84,11,31.4
Oct-23,APAC,Basic,196,116,2194,27.21,59699.43,1.004,39718.53,34,14.3
Oct-23,APAC,Pro,207,97,2207,61.87,136553.21,1.036,39718.53,11,24.7
Oct-23,APAC,Business,185,42,1786,135.39,241797.81,1.075,39718.53,27,33.7
Oct-23,APAC,Enterprise,183,24,1625,414.9,674208.67,1.101,39718.53,8,38.7
Nov-23,North America,Basic,211,155,2873,31.43,90292.13,1.003,49586.29,43,23.7
Nov-23,North America,Pro,251,134,3103,62.12,192751.18,1.02,49586.29,43,22
Nov-23,North America,Business,213,60,2664,132.12,351962.11,1.063,49586.29,16,27.7
Nov-23,North America,Enterprise,247,34,2386,415.59,991602.74,1.107,49586.29,14,27.6
Nov-23,Europe,Basic,158,135,2415,30.15,72814.02,1.013,44302.08,43,21.8
Nov-23,Europe,Pro,218,113,2655,60.3,160107.56,1.033,44302.08,34,21.8
Nov-23,Europe,Business,227,68,2322,132.25,307085.47,1.072,44302.08,22,29.4
Nov-23,Europe,Enterprise,193,19,2150,413.88,889852.05,1.108,44302.08,1,37.8
Nov-23,MENA,Basic,154,94,1705,34.45,58732.24,0.989,35326.81,36,21.6
Nov-23,MENA,Pro,189,79,1959,61.02,119542.59,1.031,35326.81,31,22.2
Nov-23,MENA,Business,190,35,1638,131.36,215161.61,1.052,35326.81,15,34.8
Nov-23,MENA,Enterprise,164,19,1623,404.43,656392.43,1.1,35326.81,0,32.3
Nov-23,APAC,Basic,210,152,2252,28.99,65278.34,1.017,43519.48,33,20.4
Nov-23,APAC,Pro,222,94,2335,61.58,143791.15,1.029,43519.48,12,17.8
Nov-23,APAC,Business,213,48,1951,132.97,259420.22,1.063,43519.48,20,29.7
Nov-23,APAC,Enterprise,184,35,1774,418.12,741741.99,1.108,43519.48,15,41
Dec-23,North America,Basic,255,167,2961,31.32,92724.67,0.999,54552.75,47,16.2
Dec-23,North America,Pro,267,143,3227,63.28,204193.07,1.055,54552.75,30,20
Dec-23,North America,Business,259,76,2847,134.83,383872.33,1.081,54552.75,17,31
Dec-23,North America,Enterprise,239,38,2587,416.56,1077646.46,1.103,54552.75,8,35.9
Dec-23,Europe,Basic,242,134,2523,29.79,75155.65,0.989,46349.61,28,20.5
Dec-23,Europe,Pro,230,125,2760,61.27,169094.5,1.053,46349.61,28,24.7
Dec-23,Europe,Business,226,65,2483,138.11,342936.04,1.047,46349.61,1,27.4
Dec-23,Europe,Enterprise,221,37,2334,417.5,974450.08,1.106,46349.61,17,40.7
Dec-23,MENA,Basic,189,98,1796,28.55,51271.34,1.017,40431.39,26,21.6
Dec-23,MENA,Pro,224,58,2125,57.53,122248.51,1.028,40431.39,18,23.6
Dec-23,MENA,Business,159,36,1761,130.26,229389.26,1.095,40431.39,27,28
Dec-23,MENA,Enterprise,174,11,1786,404.41,722273.79,1.109,40431.39,0,36.3
Dec-23,APAC,Basic,179,128,2303,31.01,71412.39,1.014,40673.24,22,25
Dec-23,APAC,Pro,207,104,2438,61.57,150119.17,1.026,40673.24,22,26.1
Dec-23,APAC,Business,219,53,2117,137.74,291594.64,1.08,40673.24,13,32.6
Dec-23,APAC,Enterprise,237,44,1967,414.1,814534.7,1.101,40673.24,20,32.4
Jan-24,North America,Basic,216,169,3008,30.19,90803.12,1.013,46193.65,37,19.4
Jan-24,North America,Pro,242,158,3311,62.43,206695.87,1.059,46193.65,29,24.5
Jan-24,North America,Business,229,53,3023,132.44,400353.97,1.062,46193.65,3,25.4
Jan-24,North America,Enterprise,259,36,2810,420.73,1182260.09,1.124,46193.65,18,33.6
Jan-24,Europe,Basic,217,135,2605,31.51,82086.37,1.026,46309.88,32,17.7
Jan-24,Europe,Pro,213,116,2857,62.49,178522.56,1.042,46309.88,29,27.5
Jan-24,Europe,Business,232,85,2630,137.75,362271.88,1.07,46309.88,32,28.1
Jan-24,Europe,Enterprise,233,33,2534,417.33,1057508.39,1.102,46309.88,9,31
Jan-24,MENA,Basic,194,92,1898,30.39,57676.62,1.013,40668.25,22,25.3
Jan-24,MENA,Pro,191,106,2210,59.63,131784.28,1.06,40668.25,23,28.4
Jan-24,MENA,Business,172,49,1884,132.26,249172.49,1.072,40668.25,18,32.8
Jan-24,MENA,Enterprise,186,40,1932,412.69,797312.54,1.116,40668.25,11,34.7
Jan-24,APAC,Basic,179,144,2338,31.12,72757.15,1.018,42808.39,42,13.5
Jan-24,APAC,Pro,182,110,2510,61.95,155501.87,1.053,42808.39,14,25.1
Jan-24,APAC,Business,241,67,2291,135.53,310502.47,1.076,42808.39,13,21.7
Jan-24,APAC,Enterprise,203,36,2134,415,885611.62,1.113,42808.39,0,33.3
Feb-24,North America,Basic,210,173,3045,32.02,97487.84,1.027,52108.7,23,18.8
Feb-24,North America,Pro,307,110,3508,61.37,215296.32,1.048,52108.7,42,23.1
Feb-24,North America,Business,275,89,3209,139.38,447271.87,1.088,52108.7,25,24.9
Feb-24,North America,Enterprise,282,31,3061,418.63,1281415.69,1.13,52108.7,0,38.7
Feb-24,Europe,Basic,227,128,2704,30.26,81824.07,1.037,49668.67,23,18.5
Feb-24,Europe,Pro,271,121,3007,62.89,189116.07,1.079,49668.67,34,28.4
Feb-24,Europe,Business,288,71,2847,134.11,381817.53,1.094,49668.67,23,28.7
Feb-24,Europe,Enterprise,214,58,2690,420.4,1130880.54,1.123,49668.67,18,37.4
Feb-24,MENA,Basic,186,92,1992,30.6,60961.36,1.049,39530.3,32,21.3
Feb-24,MENA,Pro,193,88,2315,60.32,139637.82,1.056,39530.3,30,18.9
Feb-24,MENA,Business,206,48,2042,133.75,273112.88,1.079,39530.3,25,35.8
Feb-24,MENA,Enterprise,202,12,2122,413.01,876409.94,1.134,39530.3,0,37.7
Feb-24,APAC,Basic,215,131,2422,31.09,75301.1,1.045,45798.84,44,11.3
Feb-24,APAC,Pro,231,102,2639,58.56,154549.88,1.061,45798.84,36,21.5
Feb-24,APAC,Business,228,54,2465,134.36,331207.69,1.105,45798.84,13,32.6
Feb-24,APAC,Enterprise,182,48,2268,420.95,954722.1,1.128,45798.84,14,32.2
Mar-24,North America,Basic,262,165,3142,29.64,93131.04,1.032,56743.15,50,24.4
Mar-24,North America,Pro,319,145,3682,63.33,233182.53,1.063,56743.15,55,20.1
Mar-24,North America,Business,311,102,3418,134.52,459788.27,1.12,56743.15,32,35.3
Mar-24,North America,Enterprise,281,40,3302,420.93,1389894.95,1.141,56743.15,24,39.1
Mar-24,Europe,Basic,243,158,2789,31.93,89062.03,1.045,46618.51,37,19.7
Mar-24,Europe,Pro,246,108,3145,62.78,197436.49,1.066,46618.51,28,14.6
Mar-24,Europe,Business,224,89,2982,134.89,402256.14,1.101,46618.51,10,37.2
Mar-24,Europe,Enterprise,237,40,2887,426,1229849.18,1.152,46618.51,9,36
Mar-24,MENA,Basic,195,108,2079,29.22,60750.52,1.052,40748.68,28,32.6
Mar-24,MENA,Pro,216,113,2418,61.77,149366.05,1.077,40748.68,18,23
Mar-24,MENA,Business,209,66,2185,133.58,291872.37,1.084,40748.68,4,25.7
Mar-24,MENA,Enterprise,164,30,2256,415.17,936617.22,1.137,40748.68,0,37.6
Mar-24,APAC,Basic,253,119,2556,29.84,76277.8,1.054,46045.26,39,25.7
Mar-24,APAC,Pro,250,112,2777,63.86,177337.05,1.059,46045.26,35,20.9
Mar-24,APAC,Business,239,70,2634,134.99,355567.38,1.097,46045.26,13,27.1
Mar-24,APAC,Enterprise,220,20,2468,421.99,1041470.32,1.126,46045.26,16,33.7
Apr-24,North America,Basic,256,185,3213,31.4,100890.06,1.038,53034.26,49,15.6
Apr-24,North America,Pro,307,171,3818,62.8,239788.32,1.071,53034.26,43,30.6
Apr-24,North America,Business,253,76,3595,137.16,493092.29,1.093,53034.26,36,30.7
Apr-24,North America,Enterprise,246,32,3516,417.44,1467721.32,1.138,53034.26,13,37.3
Apr-24,Europe,Basic,264,151,2902,26.47,76817.72,1.046,52197.2,45,25.2
Apr-24,Europe,Pro,296,117,3324,66.56,221237.17,1.06,52197.2,39,20.3
Apr-24,Europe,Business,245,97,3130,136.22,426362.97,1.108,52197.2,24,31.6
Apr-24,Europe,Enterprise,279,37,3129,419.38,1312235.4,1.132,52197.2,17,40.6
Apr-24,MENA,Basic,174,108,2145,29.39,63050.69,1.026,38157.35,25,21.1
Apr-24,MENA,Pro,229,107,2540,61,154933.85,1.066,38157.35,27,23.7
Apr-24,MENA,Business,182,50,2317,132.74,307548.32,1.088,38157.35,18,34.9
Apr-24,MENA,Enterprise,168,31,2393,414.04,990800.9,1.143,38157.35,9,33.2
Apr-24,APAC,Basic,218,150,2624,26.31,69041.7,1.043,43869.03,46,23.4
Apr-24,APAC,Pro,260,107,2930,62.3,182542.71,1.054,43869.03,11,30.8
Apr-24,APAC,Business,217,67,2784,133.97,372964.45,1.086,43869.03,18,29.1
Apr-24,APAC,Enterprise,235,38,2665,423.58,1128845.23,1.142,43869.03,23,34.7
May-24,North America,Basic,289,187,3315,28.01,92861.35,1.034,53649.49,57,26.6
May-24,North America,Pro,313,153,3978,62.01,246669.41,1.07,53649.49,38,27.4
May-24,North America,Business,292,91,3796,138.32,525063.7,1.126,53649.49,12,33.9
May-24,North America,Enterprise,268,53,3731,424.63,1584291.23,1.145,53649.49,24,40.4
May-24,Europe,Basic,199,173,2928,31.61,92542.73,1.048,51727.25,31,21.3
May-24,Europe,Pro,280,135,3469,63.34,219733.87,1.078,51727.25,21,31.5
May-24,Europe,Business,261,83,3308,134.31,444309.95,1.102,51727.25,4,35.2
May-24,Europe,Enterprise,227,43,3313,424.3,1405698.16,1.149,51727.25,12,36.8
May-24,MENA,Basic,213,122,2236,29.47,65889.6,1.035,40296.04,19,26.2
May-24,MENA,Pro,187,111,2616,61.78,161610.52,1.091,40296.04,17,27.2
May-24,MENA,Business,238,75,2480,133.12,330133.77,1.1,40296.04,17,33.7
May-24,MENA,Enterprise,187,32,2548,412.85,1051939.7,1.139,40296.04,14,38.7
May-24,APAC,Basic,233,146,2711,29.4,79714.16,1.035,42414.63,26,20.5
May-24,APAC,Pro,238,131,3037,61.5,186766.37,1.074,42414.63,26,28.6
May-24,APAC,Business,230,84,2930,136.19,399026.09,1.082,42414.63,9,30.5
May-24,APAC,Enterprise,204,40,2829,423.6,1198377.03,1.161,42414.63,0,40.4
Jun-24,North America,Basic,246,180,3381,26.32,88992.17,1.032,49155.12,63,23.4
Jun-24,North America,Pro,298,171,4105,62.68,257318.2,1.054,49155.12,23,30.8
Jun-24,North America,Business,274,92,3978,138.03,549064.22,1.084,49155.12,24,35.6
Jun-24,North America,Enterprise,244,61,3914,423.34,1656939.56,1.123,49155.12,31,44.7
Jun-24,Europe,Basic,213,152,2989,31.12,93013.35,1.03,47494.01,41,25.1
Jun-24,Europe,Pro,260,126,3603,61.98,223310.26,1.069,47494.01,25,27.4
Jun-24,Europe,Business,233,90,3451,136.99,472768.83,1.105,47494.01,28,28
Jun-24,Europe,Enterprise,253,37,3529,424.98,1499747.39,1.133,47494.01,10,43.8
Jun-24,MENA,Basic,172,114,2294,29.22,67033.62,1.041,38226.22,37,32
Jun-24,MENA,Pro,252,95,2773,61.89,171628.17,1.048,38226.22,22,25.7
Jun-24,MENA,Business,179,56,2603,134.73,350696.96,1.078,38226.22,25,29.5
Jun-24,MENA,Enterprise,243,30,2761,417.75,1153417.12,1.117,38226.22,25,44.7
Jun-24,APAC,Basic,191,148,2754,28.73,79120.05,1.045,45629.79,45,25.6
Jun-24,APAC,Pro,204,113,3128,64.39,201404.17,1.072,45629.79,40,21.8
Jun-24,APAC,Business,238,89,3079,134.46,413987.96,1.09,45629.79,24,32
Jun-24,APAC,Enterprise,193,35,2987,425.48,1270900.96,1.129,45629.79,7,38.4
Jul-24,North America,Basic,235,178,3438,30.27,104063.8,1.021,49400.73,33,27.7
Jul-24,North America,Pro,261,165,4201,65.17,273776.94,1.03,49400.73,26,29.9
Jul-24,North America,Business,245,108,4115,137.36,565251.81,1.087,49400.73,36,35.7
Jul-24,North America,Enterprise,233,31,4116,429.27,1766860.8,1.132,49400.73,22,37.3
Jul-24,Europe,Basic,218,176,3031,29.34,88916.75,1.018,46684.49,48,26
Jul-24,Europe,Pro,213,149,3667,64.41,236174.32,1.051,46684.49,38,27.8
Jul-24,Europe,Business,245,83,3613,137.11,495390.56,1.08,46684.49,32,27.8
Jul-24,Europe,Enterprise,189,27,3691,427.79,1578985.4,1.109,46684.49,12,43.4
Jul-24,MENA,Basic,165,120,2339,31.81,74404.69,1.025,36646.14,27,25.1
Jul-24,MENA,Pro,204,115,2862,59.19,169399.25,1.057,36646.14,20,34.5
Jul-24,MENA,Business,192,73,2722,135.84,369747.51,1.078,36646.14,24,32.3
Jul-24,MENA,Enterprise,173,46,2888,418.05,1207327.9,1.114,36646.14,2,36.5
Jul-24,APAC,Basic,195,165,2784,33.94,94485.22,1.004,38179.01,45,31.5
Jul-24,APAC,Pro,201,127,3202,59.23,189661.55,1.053,38179.01,24,29.6
Jul-24,APAC,Business,168,88,3159,140.34,443324.66,1.072,38179.01,13,25.2
Jul-24,APAC,Enterprise,186,34,3139,424.63,1332900.89,1.125,38179.01,9,36.5
Aug-24,North America,Basic,232,189,3481,30.94,107715.88,1.016,45638.57,39,26.5
Aug-24,North America,Pro,247,163,4285,64.35,275760.82,1.032,45638.57,47,31.6
Aug-24,North America,Business,177,121,4171,132.71,553528.13,1.064,45638.57,37,33.1
Aug-24,North America,Enterprise,197,44,4269,431.38,1841551.88,1.091,45638.57,26,41.2
Aug-24,Europe,Basic,175,151,3055,32.94,100620.86,1.017,39769.01,29,24.8
Aug-24,Europe,Pro,198,159,3706,60.78,225264.77,1.056,39769.01,37,24.8
Aug-24,Europe,Business,188,88,3713,136.25,505913.94,1.071,39769.01,16,25.7
Aug-24,Europe,Enterprise,188,31,3848,427.82,1646250.12,1.101,39769.01,8,49.4
Aug-24,MENA,Basic,159,107,2391,29.27,69989.34,1.012,36478.53,25,30
Aug-24,MENA,Pro,156,111,2907,61.04,177449.72,1.042,36478.53,24,28.3
Aug-24,MENA,Business,162,65,2819,137,386197.67,1.072,36478.53,19,32.7
Aug-24,MENA,Enterprise,176,36,3028,420.12,1272135.85,1.111,36478.53,26,36
Aug-24,APAC,Basic,146,150,2780,34.35,95504.58,1.015,42537.14,40,24.2
Aug-24,APAC,Pro,207,125,3284,61.91,203319.16,1.037,42537.14,34,26.3
Aug-24,APAC,Business,180,70,3269,139.59,456304.84,1.075,42537.14,25,38.3
Aug-24,APAC,Enterprise,190,46,3283,429.93,1411465.69,1.109,42537.14,9,50.3
Sep-24,North America,Basic,211,188,3504,31.82,111510.28,0.989,44083.3,58,26.6
Sep-24,North America,Pro,236,182,4339,64.97,281910.69,1.02,44083.3,58,32.6
Sep-24,North America,Business,240,126,4285,139.64,598351.38,1.062,44083.3,25,37.3
Sep-24,North America,Enterprise,242,56,4455,429.34,1912709.82,1.104,44083.3,17,36.7
Sep-24,Europe,Basic,203,135,3123,31.73,99095.35,0.998,37423.35,54,25
Sep-24,Europe,Pro,234,143,3797,63.95,242808.64,1.04,37423.35,34,34
Sep-24,Europe,Business,191,101,3803,141.17,536851.56,1.069,37423.35,42,31.9
Sep-24,Europe,Enterprise,178,41,3985,432.24,1722479.93,1.108,37423.35,17,37.5
Sep-24,MENA,Basic,142,138,2395,36.41,87198.3,1.006,36854.62,38,25
Sep-24,MENA,Pro,156,109,2954,60.26,178007.48,1.018,36854.62,43,31.1
Sep-24,MENA,Business,184,71,2932,136.19,399302.8,1.072,36854.62,20,37.1
Sep-24,MENA,Enterprise,168,37,3159,419.49,1325161.87,1.083,36854.62,11,42.2
Sep-24,APAC,Basic,181,147,2814,27.01,76000.47,0.994,35832.42,43,28.5
Sep-24,APAC,Pro,188,132,3340,65.76,219654.48,1.04,35832.42,33,28.1
Sep-24,APAC,Business,185,91,3363,139.71,469845.43,1.069,35832.42,25,38.3
Sep-24,APAC,Enterprise,192,51,3424,432.66,1481433.47,1.095,35832.42,0,48.2
Oct-24,North America,Basic,222,177,3549,32.98,117045.13,0.997,49646.65,46,33.2
Oct-24,North America,Pro,272,163,4448,64.38,286356.78,1.034,49646.65,48,34.2
Oct-24,North America,Business,277,117,4445,139.32,619266.65,1.061,49646.65,32,36.5
Oct-24,North America,Enterprise,280,64,4671,432.6,2020695.31,1.092,49646.65,19,42.5
Oct-24,Europe,Basic,263,159,3227,32.28,104169.43,1.011,45032.95,46,37
Oct-24,Europe,Pro,250,153,3894,62.36,242823.56,1.026,45032.95,41,34
Oct-24,Europe,Business,247,112,3938,139.65,549926.22,1.057,45032.95,49,37.2
Oct-24,Europe,Enterprise,221,45,4161,430.63,1791854.09,1.109,45032.95,14,43.1
Oct-24,MENA,Basic,194,117,2472,28.66,70837.97,1.002,37708.73,39,28.9
Oct-24,MENA,Pro,193,123,3024,61.19,185036.01,1.025,37708.73,23,35.8
Oct-24,MENA,Business,206,83,3055,139.53,426275.46,1.088,37708.73,8,32.6
Oct-24,MENA,Enterprise,178,33,3304,421.71,1393331.54,1.097,37708.73,3,43.9
Oct-24,APAC,Basic,217,153,2878,32.64,93943.72,0.996,42451.75,57,28.5
Oct-24,APAC,Pro,206,121,3425,60.47,207126.85,1.03,42451.75,33,28.7
Oct-24,APAC,Business,261,94,3530,141.29,498747.33,1.051,42451.75,17,35.7
Oct-24,APAC,Enterprise,222,26,3620,432.16,1564402.5,1.1,42451.75,13,39.3
Nov-24,North America,Basic,254,186,3617,32.76,118498.65,1.013,48385.65,48,26.4
Nov-24,North America,Pro,304,180,4572,63.32,289515.5,1.041,48385.65,54,36.4
Nov-24,North America,Business,310,107,4648,140.38,652485.29,1.063,48385.65,32,33.6
Nov-24,North America,Enterprise,244,62,4853,432.58,2099287.88,1.104,48385.65,13,38.8
Nov-24,Europe,Basic,233,174,3286,35.92,118045.37,1.005,45798.92,50,23.9
Nov-24,Europe,Pro,242,168,3968,62.35,247385.12,1.022,45798.92,39,30.8
Nov-24,Europe,Business,232,99,4071,142.81,581382.57,1.055,45798.92,17,40
Nov-24,Europe,Enterprise,251,48,4364,430.95,1880655.61,1.095,45798.92,17,47.9
Nov-24,MENA,Basic,181,135,2518,26.16,65866.91,1.013,35839.74,26,29.5
Nov-24,MENA,Pro,215,129,3110,64.01,199071.13,1.009,35839.74,25,31.8
Nov-24,MENA,Business,194,84,3165,139.12,440326.49,1.069,35839.74,20,28.8
Nov-24,MENA,Enterprise,184,47,3441,423.25,1456399.35,1.109,35839.74,21,43.7
Nov-24,APAC,Basic,181,169,2890,30.46,88026.29,0.983,35293.07,50,28.3
Nov-24,APAC,Pro,254,137,3542,65.11,230616.5,1.036,35293.07,41,40.3
Nov-24,APAC,Business,237,76,3691,141.25,521336.49,1.074,35293.07,35,34.5
Nov-24,APAC,Enterprise,235,56,3799,439.26,1668737.48,1.095,35293.07,11,42
Dec-24,North America,Basic,259,159,3717,30.8,114478.4,1.014,50501.94,48,36.5
Dec-24,North America,Pro,316,190,4698,64.95,305139.05,1.048,50501.94,49,37.3
Dec-24,North America,Business,298,125,4821,141.6,682656.81,1.067,50501.94,37,45.7
Dec-24,North America,Enterprise,284,67,5070,438.22,2221793.44,1.121,50501.94,20,34.3
Dec-24,Europe,Basic,206,185,3307,32.01,105846.98,1.02,48316.76,39,22.6
Dec-24,Europe,Pro,288,154,4102,63.44,260251.06,1.041,48316.76,63,35.1
Dec-24,Europe,Business,285,114,4242,143.83,610113.81,1.068,48316.76,13,36
Dec-24,Europe,Enterprise,273,47,4590,435.36,1998280.68,1.103,48316.76,30,46.8
Dec-24,MENA,Basic,211,130,2599,31.43,81685.93,0.998,41600.1,19,29.4
Dec-24,MENA,Pro,236,133,3213,66.28,212964.42,1.056,41600.1,24,30.4
Dec-24,MENA,Business,225,107,3283,141.01,462938.58,1.081,41600.1,20,33.3
Dec-24,MENA,Enterprise,224,33,3632,426.52,1549109.63,1.109,41600.1,27,42.4
Dec-24,APAC,Basic,228,142,2976,31.75,94497.71,1.009,38575.63,39,32
Dec-24,APAC,Pro,224,132,3634,65.8,239102.94,1.034,38575.63,23,34.5
Dec-24,APAC,Business,257,95,3853,136.95,527654.13,1.077,38575.63,14,38
Dec-24,APAC,Enterprise,214,38,3975,434.82,1728426.12,1.108,38575.63,11,46.2
Jan-25,North America,Basic,280,194,3803,30.39,115568.93,1.011,48384.83,40,30.6
Jan-25,North America,Pro,295,157,4836,63.59,307533.67,1.041,48384.83,61,25.6
Jan-25,North America,Business,257,135,4943,144.1,712274.07,1.073,48384.83,30,39.9
Jan-25,North America,Enterprise,233,46,5257,436.74,2295955.5,1.135,48384.83,18,44.8
Jan-25,Europe,Basic,275,164,3418,31.75,108522.62,1.038,47834.47,36,33.5
Jan-25,Europe,Pro,255,159,4198,64.18,269422.44,1.04,47834.47,34,33.5
Jan-25,Europe,Business,274,108,4408,141.52,623838.79,1.086,47834.47,23,40.4
Jan-25,Europe,Enterprise,264,85,4769,436.55,2081915.49,1.115,47834.47,25,47.7
Jan-25,MENA,Basic,180,139,2640,29.49,77861.92,1.016,36912.28,38,33.4
Jan-25,MENA,Pro,205,105,3313,59.54,197247.82,1.037,36912.28,23,31.8
Jan-25,MENA,Business,181,77,3387,137.01,464046.6,1.076,36912.28,34,40
Jan-25,MENA,Enterprise,197,42,3787,427.69,1619667.54,1.123,36912.28,20,40.8
Jan-25,APAC,Basic,182,155,3003,33.31,100024.82,1.017,42841.2,57,25.9
Jan-25,APAC,Pro,255,140,3749,64.46,241673.3,1.049,42841.2,38,35.8
Jan-25,APAC,Business,261,99,4015,143.01,574203.75,1.073,42841.2,34,34.4
Jan-25,APAC,Enterprise,249,73,4151,437.06,1814235.36,1.098,42841.2,12,49.3
Feb-25,North America,Basic,292,204,3891,32.87,127892.92,1.042,53357.69,62,36.1
Feb-25,North America,Pro,337,194,4979,64.29,320078.73,1.054,53357.69,63,33.9
Feb-25,North America,Business,325,127,5141,140.73,723477.35,1.09,53357.69,47,40.2
Feb-25,North America,Enterprise,271,65,5463,442.46,2417184.04,1.128,53357.69,7,52.6
Feb-25,Europe,Basic,253,171,3500,34.06,119226.46,1.025,48955.98,58,32.2
Feb-25,Europe,Pro,297,162,4333,64.55,279695.43,1.07,48955.98,36,26.5
Feb-25,Europe,Business,285,119,4574,142.86,653443.85,1.094,48955.98,29,41.1
Feb-25,Europe,Enterprise,266,56,4979,438.28,2182177.29,1.15,48955.98,6,47
Feb-25,MENA,Basic,196,130,2706,27.09,73310.8,1.034,35964.72,35,21.6
Feb-25,MENA,Pro,242,141,3414,66.58,227311.8,1.064,35964.72,35,38.3
Feb-25,MENA,Business,244,98,3533,137.18,484653.14,1.092,35964.72,28,30.8
Feb-25,MENA,Enterprise,216,71,3932,431.4,1696272.16,1.145,35964.72,17,44.7
Feb-25,APAC,Basic,222,144,3081,34.43,106086.87,1.044,45840.68,35,33.9
Feb-25,APAC,Pro,270,147,3872,65.82,254856.73,1.07,45840.68,39,38.6
Feb-25,APAC,Business,261,109,4167,140.23,584352.89,1.112,45840.68,33,40.9
Feb-25,APAC,Enterprise,219,45,4325,441.38,1908950.19,1.133,45840.68,2,49.2
Mar-25,North America,Basic,324,196,4019,32.43,130317.74,1.049,52427.37,49,26.6
Mar-25,North America,Pro,340,197,5122,62.47,319993.09,1.051,52427.37,58,31.2
Mar-25,North America,Business,316,112,5345,141.06,753955.23,1.097,52427.37,45,35.5
Mar-25,North America,Enterprise,344,62,5745,439.13,2522800.8,1.153,52427.37,25,43.4
Mar-25,Europe,Basic,289,192,3597,30.38,109285.54,1.037,48509.28,51,26.7
Mar-25,Europe,Pro,304,165,4472,67.42,301486.23,1.079,48509.28,42,32.7
Mar-25,Europe,Business,298,110,4762,143.59,683791.2,1.096,48509.28,26,34.8
Mar-25,Europe,Enterprise,304,61,5222,443.78,2317401.97,1.132,48509.28,23,55.2
Mar-25,MENA,Basic,177,150,2733,29.72,81230.39,1.037,38919.08,34,31.7
Mar-25,MENA,Pro,226,128,3512,64.73,227341.98,1.057,38919.08,30,32.2
Mar-25,MENA,Business,202,85,3650,139.81,510289.25,1.093,38919.08,23,38.5
Mar-25,MENA,Enterprise,210,57,4085,434.56,1775169.58,1.133,38919.08,20,44.6
Mar-25,APAC,Basic,278,161,3198,28.47,91044.41,1.042,47365.98,55,29.7
Mar-25,APAC,Pro,305,140,4037,62.16,250959.79,1.069,47365.98,26,32.6
Mar-25,APAC,Business,293,86,4374,139.86,611734.55,1.087,47365.98,30,37.1
Mar-25,APAC,Enterprise,288,64,4549,441.49,2008322.3,1.139,47365.98,21,42.2
Apr-25,North America,Basic,294,210,4103,34.5,141571.08,1.042,56593.03,56,32.8
Apr-25,North America,Pro,310,196,5236,65.15,341100.75,1.069,56593.03,58,33.9
Apr-25,North America,Business,319,133,5531,143.07,791304.19,1.101,56593.03,40,43.4
Apr-25,North America,Enterprise,310,74,5981,444.67,2659582.39,1.123,56593.03,25,43.9
Apr-25,Europe,Basic,255,179,3673,35.81,131546.7,1.027,48573.22,42,26
Apr-25,Europe,Pro,343,164,4651,65.32,303806.68,1.066,48573.22,39,33.3
Apr-25,Europe,Business,337,134,4965,141.23,701187.71,1.106,48573.22,28,32.1
Apr-25,Europe,Enterprise,303,77,5448,444.18,2419915,1.135,48573.22,20,49.2
Apr-25,MENA,Basic,215,121,2827,31.72,89664.27,1.051,43053.74,30,33.8
Apr-25,MENA,Pro,262,140,3634,65.81,239148.13,1.063,43053.74,23,32.1
Apr-25,MENA,Business,256,86,3820,138.69,529777.74,1.082,43053.74,41,42.5
Apr-25,MENA,Enterprise,247,61,4271,434.4,1855337.68,1.138,43053.74,16,44.5
Apr-25,APAC,Basic,276,156,3318,33.06,109703.01,1.03,53611.85,58,28.6
Apr-25,APAC,Pro,315,163,4189,66.14,277066.9,1.071,53611.85,42,34
Apr-25,APAC,Business,277,105,4546,145.89,663221.31,1.099,53611.85,26,37.1
Apr-25,APAC,Enterprise,299,64,4784,443.21,2120329.36,1.137,53611.85,24,43.6
May-25,North America,Basic,324,214,4213,30.28,127587.25,1.029,53137.79,60,38.7
May-25,North America,Pro,318,199,5355,62.86,336593.42,1.061,53137.79,51,33.1
May-25,North America,Business,322,138,5715,142.38,813687.35,1.083,53137.79,46,42.8
May-25,North America,Enterprise,337,59,6259,444.29,2780785.05,1.144,53137.79,17,46.8
May-25,Europe,Basic,304,203,3774,28.92,109141.39,1.062,48606.45,46,35.7
May-25,Europe,Pro,329,164,4816,66.59,320719.28,1.066,48606.45,53,35.7
May-25,Europe,Business,314,125,5154,143.11,737600.55,1.108,48606.45,41,42.7
May-25,Europe,Enterprise,272,58,5662,442.55,2505732.57,1.131,48606.45,29,50.7
May-25,MENA,Basic,245,155,2917,32.09,93606.06,1.029,41174.72,53,31.6
May-25,MENA,Pro,254,133,3755,62.52,234748.55,1.053,41174.72,43,31.7
May-25,MENA,Business,292,84,4028,138.06,556122.9,1.102,41174.72,40,40.1
May-25,MENA,Enterprise,240,35,4476,433.46,1940163.45,1.127,41174.72,3,47.3
May-25,APAC,Basic,221,160,3379,30.59,103348.16,1.041,40845.19,50,35.4
May-25,APAC,Pro,295,168,4316,65.6,283147.57,1.07,40845.19,47,35.4
May-25,APAC,Business,257,110,4693,141.81,665527.86,1.102,40845.19,32,37.1
May-25,APAC,Enterprise,245,48,4981,445.65,2219761.15,1.138,40845.19,13,50
Jun-25,North America,Basic,269,219,4263,31.29,133388.44,1.026,50573.88,60,37
Jun-25,North America,Pro,339,187,5507,66.93,368593.17,1.055,50573.88,70,35.4
Jun-25,North America,Business,278,145,5848,147.85,864645.49,1.106,50573.88,56,36.3
Jun-25,North America,Enterprise,326,70,6515,445.73,2903947.75,1.117,50573.88,21,44.7
Jun-25,Europe,Basic,280,190,3864,29.66,114618.44,1.027,49496.39,48,35.9
Jun-25,Europe,Pro,327,190,4953,64.33,318644.13,1.033,49496.39,35,41.1
Jun-25,Europe,Business,280,120,5314,147.25,782482.89,1.103,49496.39,37,39.2
Jun-25,Europe,Enterprise,277,72,5867,448.48,2631256.18,1.134,49496.39,29,52.1
Jun-25,MENA,Basic,222,142,2997,26.68,79973.54,1.009,37238.31,34,34.5
Jun-25,MENA,Pro,241,141,3855,68.43,263793.82,1.047,37238.31,38,36.6
Jun-25,MENA,Business,212,100,4140,137.88,570843.16,1.104,37238.31,24,48.5
Jun-25,MENA,Enterprise,218,66,4628,436.27,2019065.49,1.13,37238.31,14,47.9
Jun-25,APAC,Basic,232,166,3445,31.14,107290.4,1.053,45682.5,48,38.6
Jun-25,APAC,Pro,280,163,4433,63.2,280171.24,1.056,45682.5,46,41.7
Jun-25,APAC,Business,270,130,4833,145.25,701971.3,1.106,45682.5,33,50
Jun-25,APAC,Enterprise,250,54,5177,442.86,2292706.38,1.153,45682.5,27,46.1
